-- phpMyAdmin SQL Dump
-- version 3.4.5
-- http://www.phpmyadmin.net
--
-- Host: localhost
-- Waktu pembuatan: 09. Juli 2020 jam 20:13
-- Versi Server: 5.5.16
-- Versi PHP: 5.3.8

SET SQL_MODE="NO_AUTO_VALUE_ON_ZERO";
SET time_zone = "+00:00";


/*!40101 SET @OLD_CHARACTER_SET_CLIENT=@@CHARACTER_SET_CLIENT */;
/*!40101 SET @OLD_CHARACTER_SET_RESULTS=@@CHARACTER_SET_RESULTS */;
/*!40101 SET @OLD_COLLATION_CONNECTION=@@COLLATION_CONNECTION */;
/*!40101 SET NAMES utf8 */;

--
-- Database: `aplikasitbp`
--

-- --------------------------------------------------------

--
-- Struktur dari tabel `customer`
--

CREATE TABLE IF NOT EXISTS `customer` (
  `id_customer` int(11) NOT NULL AUTO_INCREMENT,
  `nama` varchar(50) NOT NULL,
  `alamat` varchar(100) DEFAULT NULL,
  `no_telp` varchar(15) DEFAULT NULL,
  `email` varchar(30) DEFAULT NULL,
  `keterangan` varchar(200) DEFAULT NULL,
  PRIMARY KEY (`id_customer`)
) ENGINE=InnoDB  DEFAULT CHARSET=latin1 AUTO_INCREMENT=14 ;

--
-- Dumping data untuk tabel `customer`
--

INSERT INTO `customer` (`id_customer`, `nama`, `alamat`, `no_telp`, `email`, `keterangan`) VALUES
(1, 'Mbah Wiyono', 'Geneng, Kaliares, Wonoboyo', '0', '-', '-'),
(2, 'Heri "Prabu"', 'Perum Giri Asri Brumbung', '0', '-', '-'),
(3, 'Bu Misno "Pakan"', 'Bungkal, Ponorogo', '0', '-', '-'),
(4, 'Jamu "Raka Sehat"', 'Wonokarto depan garasi Agra Mas', '0', '-', '-'),
(5, 'NN', 'Tonggo Dewe', '0', '-', '-'),
(6, 'Giyatno', 'Celep, Sukoharjo', '081336026273', '-', '-'),
(7, 'Baskoro', 'Wonoboyo', '0', '-', '-'),
(8, 'Sri "Pokoh Kidul"', 'Pokoh Kidul', '0', '-', '-'),
(9, 'Inti Telur', 'Bauresan, Belakang Pasar Wonogiri', '0', '-', '-'),
(10, 'Bu Lis', 'Jatisrono', '0', '-', '-'),
(11, 'Pak Iskak', 'Semin, Pokoh Kidul', '0', '-', '-'),
(12, 'Reza', 'Bauresan, Giripurwo, Wonogiri (Barat SMK Pariwisata)', '081239777135', '-', '-'),
(13, 'Anton Pancuran', 'Pancuran, Selogiri', '0895363091743', '', '');

-- --------------------------------------------------------

--
-- Struktur dari tabel `det_produksi`
--

CREATE TABLE IF NOT EXISTS `det_produksi` (
  `id_detproduksi` int(11) NOT NULL AUTO_INCREMENT,
  `id_produksi` int(11) NOT NULL,
  `tgl_produksi` date NOT NULL,
  `jumlah_produksi` int(11) NOT NULL,
  `keterangan` varchar(300) DEFAULT NULL,
  PRIMARY KEY (`id_detproduksi`),
  KEY `id_produksi` (`id_produksi`)
) ENGINE=InnoDB  DEFAULT CHARSET=latin1 AUTO_INCREMENT=228 ;

--
-- Dumping data untuk tabel `det_produksi`
--

INSERT INTO `det_produksi` (`id_detproduksi`, `id_produksi`, `tgl_produksi`, `jumlah_produksi`, `keterangan`) VALUES
(1, 3, '2020-01-24', 2, 'etan 1 kulon 1'),
(2, 3, '2020-01-25', 3, ''),
(3, 3, '2020-01-26', 4, ''),
(4, 3, '2020-01-27', 4, ''),
(5, 3, '2020-01-28', 5, ''),
(6, 3, '2020-01-29', 5, ''),
(7, 3, '2020-01-30', 6, ''),
(8, 3, '2020-01-31', 8, ''),
(9, 3, '2020-02-01', 15, ''),
(10, 3, '2020-02-02', 13, ''),
(11, 3, '2020-02-03', 17, ''),
(12, 3, '2020-02-04', 18, ''),
(13, 3, '2020-02-05', 13, ''),
(14, 3, '2020-02-06', 22, ''),
(15, 3, '2020-02-07', 22, ''),
(16, 3, '2020-02-08', 24, ''),
(17, 3, '2020-02-09', 24, ''),
(18, 3, '2020-02-10', 20, ''),
(19, 3, '2020-02-11', 26, ''),
(20, 3, '2020-02-12', 36, ''),
(21, 3, '2020-02-13', 37, ''),
(22, 3, '2020-02-14', 40, ''),
(23, 3, '2020-02-15', 43, ''),
(24, 3, '2020-02-16', 49, ''),
(25, 3, '2020-02-17', 47, ''),
(26, 3, '2020-02-18', 54, ''),
(27, 3, '2020-02-19', 68, ''),
(28, 3, '2020-02-20', 68, ''),
(29, 3, '2020-02-21', 70, ''),
(30, 3, '2020-02-22', 70, ''),
(31, 3, '2020-02-23', 74, ''),
(32, 3, '2020-02-24', 73, ''),
(33, 3, '2020-02-25', 78, ''),
(34, 3, '2020-02-26', 79, ''),
(35, 3, '2020-02-27', 81, ''),
(36, 3, '2020-02-28', 90, ''),
(37, 3, '2020-02-29', 94, ''),
(38, 3, '2020-03-01', 88, ''),
(39, 3, '2020-03-02', 97, ''),
(40, 3, '2020-03-03', 95, ''),
(41, 3, '2020-02-04', 99, ''),
(42, 3, '2020-03-05', 94, ''),
(43, 3, '2020-03-06', 97, ''),
(44, 3, '2020-03-07', 96, ''),
(45, 3, '2020-03-08', 104, ''),
(46, 3, '2020-03-09', 104, ''),
(49, 2, '2020-03-01', 48, ''),
(50, 2, '2020-03-02', 48, ''),
(51, 2, '2020-03-03', 47, ''),
(52, 2, '2020-03-04', 49, ''),
(53, 2, '2020-03-05', 50, ''),
(54, 2, '2020-03-06', 50, ''),
(55, 2, '2020-03-07', 46, ''),
(56, 2, '2020-03-08', 47, ''),
(57, 2, '2020-03-09', 53, ''),
(58, 2, '2020-03-10', 48, ''),
(59, 2, '2020-03-11', 44, ''),
(60, 2, '2020-03-12', 47, ''),
(61, 2, '2020-03-13', 45, ''),
(62, 2, '2020-03-14', 46, ''),
(63, 3, '2020-03-10', 101, ''),
(64, 3, '2020-03-11', 103, ''),
(65, 3, '2020-03-12', 104, ''),
(66, 3, '2020-03-13', 103, ''),
(67, 3, '2020-03-14', 104, ''),
(68, 2, '2020-03-17', 43, ''),
(69, 2, '2020-03-15', 51, ''),
(70, 2, '2020-03-16', 46, ''),
(71, 2, '2020-03-18', 42, ''),
(72, 2, '2020-03-19', 48, ''),
(73, 2, '2020-03-20', 47, ''),
(74, 2, '2020-03-21', 44, ''),
(75, 2, '2020-03-22', 51, ''),
(76, 2, '2020-03-23', 48, ''),
(77, 2, '2020-03-24', 46, ''),
(78, 2, '2020-03-25', 41, 'dicurigai dimaling orang'),
(79, 2, '2020-03-26', 41, ''),
(80, 2, '2020-03-27', 41, ''),
(81, 2, '2020-03-28', 41, ''),
(82, 2, '2020-03-29', 37, 'stres karna dihitung'),
(83, 2, '2020-03-30', 37, ''),
(84, 2, '2020-03-31', 37, ''),
(85, 2, '2020-04-01', 35, ''),
(86, 3, '2020-03-15', 105, ''),
(87, 3, '2020-03-16', 104, ''),
(88, 3, '2020-03-17', 107, ''),
(89, 3, '2020-03-18', 110, ''),
(90, 3, '2020-03-19', 108, ''),
(91, 3, '2020-03-20', 106, ''),
(92, 3, '2020-03-21', 106, ''),
(93, 3, '2020-03-22', 108, ''),
(94, 3, '2020-03-23', 109, ''),
(95, 3, '2020-03-24', 105, ''),
(96, 3, '2020-03-25', 107, ''),
(97, 3, '2020-03-26', 107, ''),
(98, 3, '2020-03-27', 106, ''),
(99, 3, '2020-03-28', 109, ''),
(100, 3, '2020-03-29', 110, ''),
(101, 3, '2020-03-30', 106, ''),
(102, 3, '2020-03-31', 109, ''),
(103, 3, '2020-04-01', 110, ''),
(104, 2, '2020-04-01', 35, ''),
(105, 2, '2020-04-02', 37, ''),
(106, 2, '2020-04-03', 39, ''),
(107, 2, '2020-04-04', 40, ''),
(108, 2, '2020-04-05', 32, ''),
(109, 2, '2020-04-06', 37, ''),
(110, 2, '2020-04-07', 38, ''),
(111, 2, '2020-04-08', 34, ''),
(112, 2, '2020-04-09', 38, ''),
(113, 2, '2020-04-10', 29, ''),
(114, 2, '2020-04-11', 28, ''),
(115, 2, '2020-04-12', 24, 'bebek diafkir harga 40 rb'),
(116, 3, '2020-04-01', 110, ''),
(117, 3, '2020-04-02', 109, ''),
(118, 3, '2020-04-03', 111, ''),
(119, 3, '2020-04-04', 113, ''),
(120, 3, '2020-04-05', 111, ''),
(121, 3, '2020-04-06', 109, ''),
(122, 3, '2020-04-07', 109, ''),
(123, 3, '2020-04-08', 110, ''),
(124, 3, '2020-04-09', 107, ''),
(125, 3, '2020-04-10', 105, ''),
(126, 3, '2020-04-11', 107, ''),
(127, 3, '2020-04-12', 107, ''),
(128, 3, '2020-04-13', 100, ''),
(129, 3, '2020-04-14', 96, ''),
(130, 3, '2020-04-15', 104, ''),
(131, 3, '2020-04-16', 102, ''),
(132, 3, '2020-04-17', 96, ''),
(133, 3, '2020-04-18', 97, ''),
(134, 3, '2020-04-19', 96, ''),
(135, 3, '2020-04-20', 101, ''),
(136, 3, '2020-04-21', 107, 'Kandang kulon mati 1,jadi tinggal 58 ekor'),
(137, 3, '2020-04-22', 100, ''),
(138, 3, '2020-04-23', 98, ''),
(139, 3, '2020-04-24', 103, ''),
(140, 3, '2020-04-25', 102, ''),
(141, 3, '2020-04-26', 104, ''),
(142, 3, '2020-04-27', 103, ''),
(143, 3, '2020-04-28', 100, ''),
(144, 3, '2020-04-29', 109, ''),
(145, 3, '2020-04-30', 106, 'bebek barat mati 1'),
(146, 3, '2020-05-01', 104, ''),
(147, 3, '2020-05-02', 108, ''),
(148, 3, '2020-05-03', 106, ''),
(149, 3, '2020-05-04', 106, ''),
(150, 3, '2020-05-05', 106, ''),
(151, 3, '2020-05-06', 106, ''),
(152, 3, '2020-05-07', 105, ''),
(153, 3, '2020-05-08', 106, ''),
(154, 3, '2020-05-09', 105, ''),
(155, 3, '2020-05-10', 102, ''),
(156, 3, '2020-05-11', 96, ''),
(157, 3, '2020-05-12', 97, ''),
(158, 3, '2020-05-13', 105, ''),
(159, 3, '2020-05-14', 99, ''),
(160, 3, '2020-05-15', 104, ''),
(161, 3, '2020-05-16', 103, ''),
(162, 3, '2020-05-17', 108, ''),
(163, 3, '2020-05-18', 106, ''),
(164, 3, '2020-05-19', 109, ''),
(165, 3, '2020-05-20', 103, ''),
(166, 3, '2020-05-21', 99, ''),
(167, 3, '2020-05-22', 103, ''),
(168, 3, '2020-05-23', 100, ''),
(169, 3, '2020-05-24', 109, ''),
(170, 3, '2020-05-25', 105, ''),
(171, 3, '2020-05-26', 110, ''),
(172, 3, '2020-05-27', 108, ''),
(173, 3, '2020-05-28', 102, ''),
(174, 3, '2020-05-29', 101, ''),
(175, 3, '2020-05-30', 105, ''),
(176, 3, '2020-05-31', 103, ''),
(177, 3, '2020-06-01', 101, ''),
(178, 3, '2020-06-02', 100, ''),
(179, 3, '2020-06-03', 104, ''),
(180, 3, '2020-06-04', 98, ''),
(181, 3, '2020-06-05', 98, ''),
(182, 3, '2020-06-06', 103, ''),
(183, 3, '2020-06-07', 99, ''),
(184, 3, '2020-06-08', 98, ''),
(185, 3, '2020-06-09', 99, ''),
(186, 3, '2020-06-10', 99, ''),
(187, 3, '2020-06-11', 101, ''),
(188, 3, '2020-06-12', 99, ''),
(189, 3, '2020-06-13', 104, ''),
(190, 3, '2020-06-14', 105, ''),
(191, 3, '2020-06-15', 103, ''),
(192, 3, '2020-06-16', 109, ''),
(193, 3, '2020-06-17', 107, ''),
(194, 3, '2020-06-18', 103, ''),
(195, 3, '2020-06-19', 112, ''),
(196, 3, '2020-06-20', 106, ''),
(197, 3, '2020-06-21', 106, ''),
(198, 4, '2020-06-01', 10, ''),
(199, 4, '2020-06-02', 12, ''),
(200, 4, '2020-06-03', 14, ''),
(201, 4, '2020-06-04', 17, ''),
(202, 4, '2020-06-05', 19, ''),
(203, 4, '2020-06-06', 20, ''),
(204, 4, '2020-06-07', 22, ''),
(205, 4, '2020-06-08', 23, ''),
(206, 4, '2020-06-09', 22, ''),
(207, 4, '2020-06-10', 25, ''),
(208, 4, '2020-06-11', 28, ''),
(209, 4, '2020-06-12', 30, ''),
(210, 4, '2020-06-13', 37, ''),
(211, 4, '2020-06-14', 41, ''),
(212, 4, '2020-06-15', 43, ''),
(213, 4, '2020-06-16', 47, ''),
(214, 4, '2020-06-17', 51, ''),
(215, 4, '2020-06-18', 50, ''),
(216, 4, '2020-06-19', 51, ''),
(217, 4, '2020-06-20', 53, ''),
(218, 4, '2020-06-21', 54, ''),
(219, 3, '2020-06-22', 103, ''),
(220, 3, '2020-06-23', 102, ''),
(221, 3, '2020-06-24', 104, ''),
(222, 3, '2020-06-25', 104, ''),
(223, 3, '2020-06-26', 108, ''),
(224, 3, '2020-06-27', 104, ''),
(225, 3, '2020-06-28', 103, ''),
(226, 3, '2020-06-29', 104, ''),
(227, 3, '2020-06-30', 92, '');

-- --------------------------------------------------------

--
-- Struktur dari tabel `gj_karyawan`
--

CREATE TABLE IF NOT EXISTS `gj_karyawan` (
  `id_kry` int(11) NOT NULL AUTO_INCREMENT,
  `id_profit` int(11) NOT NULL,
  `nama_kry` varchar(50) NOT NULL,
  `alamat` varchar(100) NOT NULL,
  `no_hp` varchar(15) DEFAULT NULL,
  `usia` int(11) DEFAULT NULL,
  `gaji` int(11) NOT NULL,
  `tgl_gaji` date NOT NULL,
  `keterangan` varchar(300) NOT NULL,
  PRIMARY KEY (`id_kry`),
  KEY `id_profit` (`id_profit`)
) ENGINE=InnoDB DEFAULT CHARSET=latin1 AUTO_INCREMENT=1 ;

-- --------------------------------------------------------

--
-- Struktur dari tabel `m_bibit`
--

CREATE TABLE IF NOT EXISTS `m_bibit` (
  `id_mbibit` int(11) NOT NULL AUTO_INCREMENT,
  `id_profit` int(11) NOT NULL,
  `nama` varchar(30) NOT NULL,
  `populasi` int(11) NOT NULL,
  `harga` int(11) NOT NULL,
  `tgl_bibit` date NOT NULL,
  `total_Mbibit` int(11) DEFAULT NULL,
  PRIMARY KEY (`id_mbibit`),
  KEY `id_profit` (`id_profit`)
) ENGINE=InnoDB  DEFAULT CHARSET=latin1 AUTO_INCREMENT=5 ;

--
-- Dumping data untuk tabel `m_bibit`
--

INSERT INTO `m_bibit` (`id_mbibit`, `id_profit`, `nama`, `populasi`, `harga`, `tgl_bibit`, `total_Mbibit`) VALUES
(1, 1, 'Kandang Lor (Periode 1/Apkir)', 130, 77000, '2018-09-05', 10010000),
(2, 1, 'Kandang Kidul', 100, 78000, '2019-01-10', 7800000),
(3, 1, 'Kandang lor (Periode 2)', 120, 73000, '2020-01-16', 8760000),
(4, 1, 'Kandang Kidul (Periode 2)', 100, 67500, '2020-05-08', 6750000);

-- --------------------------------------------------------

--
-- Struktur dari tabel `m_kandang`
--

CREATE TABLE IF NOT EXISTS `m_kandang` (
  `id_mkandang` int(11) NOT NULL AUTO_INCREMENT,
  `id_profit` int(11) NOT NULL,
  `ket_barang` varchar(50) NOT NULL,
  `jumlah` int(11) NOT NULL,
  `harga_beli` int(11) NOT NULL,
  `tgl_beli` date DEFAULT NULL,
  `keterangan` varchar(300) DEFAULT NULL,
  `total_Mkandang` int(11) DEFAULT NULL,
  PRIMARY KEY (`id_mkandang`),
  KEY `id_profit` (`id_profit`)
) ENGINE=InnoDB  DEFAULT CHARSET=latin1 AUTO_INCREMENT=4 ;

--
-- Dumping data untuk tabel `m_kandang`
--

INSERT INTO `m_kandang` (`id_mkandang`, `id_profit`, `ket_barang`, `jumlah`, `harga_beli`, `tgl_beli`, `keterangan`, `total_Mkandang`) VALUES
(1, 1, 'Kandang 1 (Lor)', 1, 2814500, '2018-10-12', 'Perbaikan Kandang Pertama', 2814500),
(2, 1, 'Kandang 2 (Kidul)', 1, 6774000, '2018-12-20', 'Mbangun Kandang Baru', 6774000),
(3, 1, 'Kandang 1 (Lor)', 1, 452000, '2019-12-01', 'Perbaikan Kandang Lor Periode 2', 452000);

-- --------------------------------------------------------

--
-- Struktur dari tabel `m_lain`
--

CREATE TABLE IF NOT EXISTS `m_lain` (
  `id_mlain` int(11) NOT NULL AUTO_INCREMENT,
  `id_profit` int(11) NOT NULL,
  `ket_barang` varchar(50) NOT NULL,
  `jumlah` int(11) NOT NULL,
  `harga_beli` int(11) NOT NULL,
  `tgl_beli` date NOT NULL,
  `keterangan` varchar(300) DEFAULT NULL,
  `total_Mlain` int(11) DEFAULT NULL,
  PRIMARY KEY (`id_mlain`),
  KEY `id_profit` (`id_profit`)
) ENGINE=InnoDB  DEFAULT CHARSET=latin1 AUTO_INCREMENT=64 ;

--
-- Dumping data untuk tabel `m_lain`
--

INSERT INTO `m_lain` (`id_mlain`, `id_profit`, `ket_barang`, `jumlah`, `harga_beli`, `tgl_beli`, `keterangan`, `total_Mlain`) VALUES
(1, 1, 'Turbo', 4, 34000, '2019-02-25', '', 136000),
(2, 1, 'Lampu', 2, 24000, '2019-02-25', '', 48000),
(3, 1, 'Mineral', 2, 5000, '2019-02-25', '2 bungkus, harga @5000/bungkus', 10000),
(4, 1, 'Neobro', 1, 28000, '2019-02-25', '', 28000),
(5, 1, 'EM4', 4, 19000, '2019-02-25', '', 76000),
(6, 1, 'Tetes tebu', 4, 9000, '2019-02-25', '', 36000),
(7, 1, 'Mineral', 1, 100000, '2019-02-28', 'Beli 1 Sak isi 25 bungkus', 100000),
(8, 1, 'Kalsit', 1, 10000, '2019-03-08', '', 10000),
(9, 1, 'EM4', 1, 20000, '2019-03-16', '', 20000),
(10, 1, 'Tetes tebu', 2, 9000, '2019-03-29', '', 18000),
(11, 1, 'Genting Kaca', 15, 10000, '2019-03-31', '', 150000),
(12, 1, 'Kalsit', 2, 6000, '2019-03-31', '', 12000),
(13, 1, 'EM4', 1, 20000, '2019-04-29', '', 20000),
(14, 1, 'Kalsit', 4, 6000, '2019-04-29', '', 24000),
(15, 1, 'Turbo', 2, 34000, '2019-05-04', '', 68000),
(16, 1, 'EM4', 4, 20000, '2019-05-08', '', 80000),
(17, 1, 'Tetes tebu', 5, 9000, '2019-05-08', '', 45000),
(18, 1, 'Mineral', 1, 100000, '2019-06-12', '', 100000),
(19, 1, 'Turbo', 2, 34000, '2019-07-02', '', 68000),
(20, 1, 'Desinfektan', 1, 36000, '2019-07-02', '', 36000),
(21, 1, 'Desinfektan', 1, 35000, '2019-07-06', '', 35000),
(22, 1, 'Kalsit', 4, 6000, '2019-07-06', '', 24000),
(23, 1, 'Terpal', 1, 135000, '2019-07-07', '', 135000),
(24, 1, 'Turbo', 2, 34000, '2019-07-30', '', 68000),
(25, 1, 'Mineral', 1, 100000, '2019-08-14', '', 100000),
(26, 1, 'Turbo', 1, 34000, '2019-08-26', '', 34000),
(27, 1, 'Turbo', 3, 34000, '2019-08-30', '', 102000),
(28, 1, 'Bak Pakan', 6, 15000, '2019-09-06', '', 90000),
(29, 1, 'Turbo', 2, 34000, '2019-09-23', '', 68000),
(30, 1, 'Turbo', 2, 34000, '2019-10-09', '', 68000),
(31, 1, 'EM4', 1, 20000, '2019-10-09', '', 20000),
(32, 1, 'Kalsit', 4, 6000, '2019-10-15', '', 24000),
(33, 1, 'Turbo', 2, 34000, '2019-10-17', '', 68000),
(34, 1, 'Mineral', 1, 100000, '2019-10-24', '1 sak', 100000),
(35, 1, 'em 4', 2, 20000, '2019-11-02', '', 40000),
(36, 1, 'tetes', 3, 9000, '2019-11-02', '', 27000),
(37, 1, 'Turbo', 2, 34000, '2019-11-07', '', 68000),
(38, 1, 'Turbo', 2, 34000, '2019-11-18', '', 68000),
(39, 1, 'Dolomit', 10, 10000, '2019-12-01', '', 100000),
(40, 1, 'turbo', 1, 34000, '2019-12-09', '', 34000),
(41, 1, 'Turbo', 2, 34000, '0219-12-19', '', 68000),
(42, 1, 'keranjang angkut telor', 1, 90000, '2019-12-19', '', 90000),
(43, 1, 'Mineral', 1, 100000, '2019-12-24', '', 100000),
(44, 1, 'Kalsit', 10, 6000, '2020-01-11', '', 60000),
(46, 1, 'Tahi Graji', 25, 3000, '2020-01-14', 'Beli di selepan doyong harga /Sak 3000 rupiah', 75000),
(47, 1, 'EM4', 1, 17000, '2020-01-19', '', 17000),
(48, 1, 'HERBALTOP', 1, 12000, '2020-01-19', '', 12000),
(49, 1, 'Turbo', 1, 34000, '2020-01-21', '', 34000),
(50, 1, 'turbo', 1, 34000, '2020-02-13', '', 34000),
(51, 1, 'em4', 1, 20000, '2020-02-13', '', 20000),
(52, 1, 'em4', 1, 20000, '2020-02-13', '', 20000),
(53, 1, 'bak pakan', 6, 15000, '2020-03-01', '', 90000),
(54, 1, 'Turbo', 2, 37000, '2020-03-10', '', 74000),
(55, 1, 'Mineral', 1, 100000, '2020-03-10', '', 100000),
(56, 1, 'Tetes', 4, 9000, '2020-03-10', '', 36000),
(57, 1, 'serbuk graji', 50, 5000, '2020-04-05', '50 rb upah lek muji 50 rb minum,snak dan tali', 250000),
(58, 1, 'EM 4', 1, 23000, '2020-05-02', '', 23000),
(59, 1, 'Dolomit', 6, 10000, '2020-05-04', 'kandang kidul', 60000),
(60, 1, 'Mineral', 1, 110000, '2020-05-09', '', 110000),
(61, 1, 'EM 4 ', 2, 20000, '2020-05-09', '', 40000),
(62, 1, 'Tetes Tebu', 3, 10000, '2020-05-09', '', 30000),
(63, 1, 'EM4', 1, 20000, '2020-06-05', '', 20000);

-- --------------------------------------------------------

--
-- Struktur dari tabel `m_pakan`
--

CREATE TABLE IF NOT EXISTS `m_pakan` (
  `id_mpakan` int(11) NOT NULL AUTO_INCREMENT,
  `id_profit` int(11) NOT NULL,
  `nama` varchar(30) NOT NULL,
  `jumlah` int(11) NOT NULL,
  `harga` int(11) NOT NULL,
  `tgl_beli` date NOT NULL,
  `keterangan` varchar(300) DEFAULT NULL,
  `total_Mpakan` int(11) DEFAULT NULL,
  PRIMARY KEY (`id_mpakan`),
  KEY `id_profit` (`id_profit`)
) ENGINE=InnoDB  DEFAULT CHARSET=latin1 AUTO_INCREMENT=103 ;

--
-- Dumping data untuk tabel `m_pakan`
--

INSERT INTO `m_pakan` (`id_mpakan`, `id_profit`, `nama`, `jumlah`, `harga`, `tgl_beli`, `keterangan`, `total_Mpakan`) VALUES
(1, 1, 'PJ', 20, 230000, '2018-09-20', 'Pakan 2 Bulan Pertama', 4600000),
(2, 1, 'PJ', 7, 235000, '2018-10-17', '', 1645000),
(3, 1, 'PJ', 10, 235000, '2018-11-14', '', 2350000),
(4, 1, 'Fermentasi', 1, 193000, '2018-11-14', '', 193000),
(5, 1, 'Kons. Golden Egg', 1, 400000, '2018-12-01', '', 400000),
(6, 1, 'Katul', 1, 100000, '2018-12-08', '', 100000),
(7, 1, 'PJ', 8, 238000, '2018-12-12', '', 1904000),
(8, 1, 'Kons. 144 RED', 1, 422500, '2018-12-26', '', 422500),
(9, 1, 'PJ', 1, 238000, '2019-01-02', '', 238000),
(10, 1, 'PJ', 13, 238000, '2019-01-09', '', 3094000),
(11, 1, 'Kons. 144 RED', 1, 422500, '2019-01-21', '', 422500),
(12, 1, 'PJ', 11, 240000, '2019-01-30', '', 2640000),
(13, 1, 'PJ', 12, 240000, '2019-02-13', '', 2880000),
(14, 1, 'Kons. 144 RED', 1, 422500, '2019-02-16', '', 422500),
(15, 1, 'Katul', 1, 221000, '2019-02-25', 'Harga katul @3400/Kg, jumlah Beli 65 Kg', 221000),
(16, 1, 'Kons. 144 RED', 1, 415000, '2019-02-28', '', 415000),
(17, 1, 'PJ', 12, 240000, '2019-03-07', '', 2880000),
(18, 1, 'Kons. 144 RED', 1, 415000, '2019-03-10', '', 415000),
(19, 1, 'Katul Biasa', 1, 15000, '2019-03-11', 'Beli 1 plastik di warung', 15000),
(20, 1, 'Kons. 144 RED', 1, 415000, '2019-03-29', '', 415000),
(21, 1, 'PJ', 14, 240000, '2019-03-31', '', 3360000),
(22, 1, 'Gogik', 19, 3700, '2019-03-31', 'gogik jumlah dan harga satuan per Kg', 70300),
(23, 1, 'Katul Kasar', 5, 3200, '2019-04-01', '', 16000),
(24, 1, 'Gogik', 44, 3700, '2019-04-06', '', 162800),
(25, 1, 'PJ', 12, 235000, '2019-04-17', '', 2820000),
(26, 1, 'Gogik', 35, 3700, '2019-04-22', '', 129500),
(27, 1, 'Kons. 144 RED', 1, 415000, '2019-04-29', '', 415000),
(28, 1, 'Gogik', 34, 3700, '2019-05-01', '', 125800),
(29, 1, 'PJ', 12, 235000, '2019-05-08', '', 2820000),
(30, 1, 'Kons. 144 RED', 1, 415000, '2019-05-11', '', 415000),
(31, 1, 'Gogik', 45, 3700, '2019-05-11', '', 166500),
(32, 1, 'PJ', 1, 230000, '2019-05-14', '', 230000),
(33, 1, 'Gogik', 39, 3700, '2019-05-14', '', 144300),
(34, 1, 'PJ', 12, 230000, '2019-05-29', '', 2760000),
(35, 1, 'Gogik', 54, 3700, '2019-06-01', '', 199800),
(36, 1, 'Kons. 144 RED', 1, 415000, '2019-06-12', '', 415000),
(37, 1, 'PJ', 6, 230000, '2019-06-18', '', 1380000),
(38, 1, 'PJ', 6, 230000, '2019-06-25', '', 1380000),
(39, 1, 'Gogik', 51, 3700, '2019-06-25', '', 188700),
(40, 1, 'Kons. 144 RED', 1, 415000, '2019-07-02', '', 415000),
(41, 1, 'PJ', 10, 230000, '2019-07-10', '', 2300000),
(42, 1, 'Kons. 144 RED', 1, 415000, '2019-07-17', '', 415000),
(43, 1, 'Gogik', 43, 3700, '2019-07-17', '', 159100),
(44, 1, 'Kons. 144 RED', 1, 415000, '2019-07-27', '', 415000),
(45, 1, 'PJ', 10, 235000, '2019-07-30', '', 2350000),
(46, 1, 'Kons. 144 RED', 1, 415000, '2019-08-07', '', 415000),
(47, 1, 'Gogik', 48, 3700, '2019-08-07', '', 177600),
(48, 1, 'Kons. 144 RED', 1, 415000, '2019-08-14', '', 415000),
(49, 1, 'PJ', 13, 235000, '2019-08-22', '', 3055000),
(50, 1, 'Gogik', 48, 3700, '2019-08-24', '', 177600),
(51, 1, 'Kons. 144 RED', 1, 415000, '2019-08-26', '', 415000),
(52, 1, 'Kons. 144 RED', 1, 415000, '2019-09-04', '', 415000),
(53, 1, 'Kons. 144 RED', 1, 415000, '2019-09-14', '', 415000),
(54, 1, 'Gogik', 55, 3700, '2019-09-14', '', 203500),
(55, 1, 'PJ', 10, 240000, '2019-09-19', '', 2400000),
(56, 1, 'Kons. 144 RED', 1, 415000, '2019-09-23', '', 415000),
(57, 1, 'Kons. 144', 1, 395000, '2019-09-28', '', 395000),
(58, 1, 'PJ', 9, 240000, '2019-10-01', '', 2160000),
(59, 1, 'Kons. 144 RED', 1, 400000, '2019-10-09', 'Turun Harga', 400000),
(60, 1, 'PJ', 13, 240000, '2019-10-13', '', 3120000),
(61, 1, 'Kons. 144 RED', 1, 400000, '2019-10-17', '', 400000),
(62, 1, 'Kons. 144 RED', 1, 400000, '2019-10-24', '', 400000),
(63, 1, '144 red', 1, 400000, '2019-11-02', '', 400000),
(64, 1, '144 red', 1, 400000, '2019-11-09', '', 400000),
(65, 1, 'PJ', 10, 240000, '2019-11-13', '', 2400000),
(66, 1, 'Kons. 144 RED', 1, 400000, '2019-11-18', '', 400000),
(67, 1, '144 red', 1, 400000, '2019-11-23', '', 400000),
(68, 1, 'PJ', 5, 240000, '2019-12-06', '', 1200000),
(69, 1, '144 Red', 1, 400000, '2019-12-09', '', 400000),
(70, 1, 'Kons. 144 RED', 1, 400000, '2019-12-23', '', 400000),
(71, 1, 'PJ', 5, 240000, '2019-12-27', '', 1200000),
(72, 1, 'Kons. 144 RED', 1, 400000, '2020-01-04', '', 400000),
(73, 1, 'PJ', 10, 240000, '2020-01-16', '', 2400000),
(74, 1, '144 Red', 1, 400000, '2020-01-21', '', 400000),
(75, 1, 'PJ', 10, 240000, '2020-01-28', '', 2400000),
(76, 1, 'Golden Egg', 1, 390000, '2020-02-04', '', 390000),
(77, 1, '144 RED', 1, 400000, '2020-02-13', '', 400000),
(78, 1, 'PJ', 10, 240000, '2020-02-18', '', 2400000),
(79, 1, '144 RED', 1, 295000, '2020-03-03', 'Sing ngedoli ibu2 kleru dango', 295000),
(80, 1, 'Golden Egg', 1, 395000, '2020-03-03', '', 395000),
(81, 1, 'pj', 5, 240000, '2020-03-04', '', 1200000),
(82, 1, '144 Red', 1, 395000, '2020-03-10', '', 395000),
(83, 1, 'PJ', 7, 240000, '2020-03-18', '', 1680000),
(84, 1, 'GOLDEN EGG', 1, 385000, '2020-03-21', '', 385000),
(85, 1, 'PJ', 10, 235000, '2020-03-24', '950 000 dari telor transf 1400000', 2350000),
(86, 1, '144 Red', 1, 410000, '2020-04-07', '', 410000),
(87, 1, 'Goden Egg', 1, 395000, '2020-04-07', '', 395000),
(88, 1, 'PJ', 10, 240000, '2020-04-14', '', 2400000),
(89, 1, '144 Red', 1, 405000, '2020-05-09', '', 405000),
(90, 1, 'Golden Egg', 1, 380000, '2020-05-09', '', 380000),
(91, 1, 'PJ', 10, 230000, '2020-05-12', 'Lunas ATM', 2300000),
(92, 1, 'PJ', 5, 230000, '2020-05-21', '', 1150000),
(93, 1, 'PJ', 7, 230000, '2020-06-04', '', 1610000),
(94, 1, '144 Red', 1, 410000, '2020-06-05', '', 410000),
(95, 1, 'Golden Egg', 1, 390000, '2020-06-05', '', 390000),
(96, 1, 'PJ', 10, 230000, '2020-06-17', 'trans 19 jun20', 2300000),
(97, 1, '144 Red', 1, 405000, '2020-06-23', '', 405000),
(98, 1, 'Golden EGG', 1, 390000, '2020-06-23', '', 390000),
(99, 1, '144 Red', 1, 405000, '2020-07-07', '', 405000),
(100, 1, 'Golden Egg', 1, 395000, '2020-07-07', '', 395000),
(101, 1, 'PJ', 12, 235000, '2020-07-08', 'Lunas ATM 8 Juli 2020', 2820000);

-- --------------------------------------------------------

--
-- Struktur dari tabel `pemasukkan_lain`
--

CREATE TABLE IF NOT EXISTS `pemasukkan_lain` (
  `id_pemasukkan` int(11) NOT NULL AUTO_INCREMENT,
  `id_profit` int(11) NOT NULL,
  `tgl_masuk` date NOT NULL,
  `keterangan` varchar(300) NOT NULL,
  `jumlah` int(11) NOT NULL,
  `harga` int(11) NOT NULL,
  `total` int(11) DEFAULT NULL,
  PRIMARY KEY (`id_pemasukkan`),
  KEY `id_profit` (`id_profit`)
) ENGINE=InnoDB  DEFAULT CHARSET=latin1 AUTO_INCREMENT=4 ;

--
-- Dumping data untuk tabel `pemasukkan_lain`
--

INSERT INTO `pemasukkan_lain` (`id_pemasukkan`, `id_profit`, `tgl_masuk`, `keterangan`, `jumlah`, `harga`, `total`) VALUES
(2, 1, '2020-01-16', 'Apkir Kandang Lor Prd. 1 (dari 130 Ekor sisa 107 Ekor)', 107, 43000, 4601000),
(3, 1, '2020-05-08', 'Afkir kandang kidul periode 1', 76, 40000, 3040000);

-- --------------------------------------------------------

--
-- Struktur dari tabel `penjualan_telur`
--

CREATE TABLE IF NOT EXISTS `penjualan_telur` (
  `id_penjualan` int(11) NOT NULL AUTO_INCREMENT,
  `id_profit` int(11) NOT NULL,
  `id_customer` int(11) NOT NULL,
  `tanggal_jual` date NOT NULL,
  `jml_telur` int(11) NOT NULL,
  `harga_perbtr` int(11) NOT NULL,
  `total_pjl` int(11) DEFAULT NULL,
  `pembayaran` int(11) NOT NULL,
  `keterangan` varchar(50) NOT NULL,
  PRIMARY KEY (`id_penjualan`),
  KEY `id_profit` (`id_profit`),
  KEY `id_customer` (`id_customer`)
) ENGINE=InnoDB  DEFAULT CHARSET=latin1 AUTO_INCREMENT=389 ;

--
-- Dumping data untuk tabel `penjualan_telur`
--

INSERT INTO `penjualan_telur` (`id_penjualan`, `id_profit`, `id_customer`, `tanggal_jual`, `jml_telur`, `harga_perbtr`, `total_pjl`, `pembayaran`, `keterangan`) VALUES
(1, 1, 9, '2018-10-12', 120, 1750, 210000, 210000, 'Lunas'),
(2, 1, 7, '2018-10-18', 325, 1800, 585000, 585000, 'Lunas'),
(3, 1, 7, '2018-10-26', 232, 1800, 417600, 417000, 'Lunas'),
(4, 1, 7, '2018-10-26', 170, 1600, 272000, 272000, 'Lunas'),
(5, 1, 9, '2018-10-31', 420, 1750, 735000, 735000, 'Lunas'),
(6, 1, 5, '2018-11-04', 9, 2000, 18000, 18000, 'Lunas'),
(7, 1, 7, '2018-11-08', 259, 1800, 466200, 466000, 'Lunas'),
(8, 1, 7, '2018-11-08', 205, 1600, 328000, 328000, 'Lunas'),
(9, 1, 4, '2018-11-09', 60, 1500, 90000, 90000, 'Lunas'),
(10, 1, 2, '2018-11-09', 300, 1700, 510000, 510000, 'Lunas'),
(11, 1, 4, '2018-11-10', 18, 1800, 32400, 500, '50rb beli bakso'),
(12, 1, 4, '2018-11-10', 12, 1500, 18000, 0, '50rb beli bakso'),
(13, 1, 4, '2018-11-12', 85, 1800, 153000, 153000, 'Lunas'),
(14, 1, 4, '2018-11-12', 15, 1500, 22500, 22500, 'Lunas'),
(15, 1, 4, '2018-11-13', 155, 1800, 279000, 279000, 'Lunas'),
(16, 1, 4, '2018-11-13', 20, 1500, 30000, 30000, 'Lunas'),
(17, 1, 4, '2018-11-17', 100, 1800, 180000, 180000, 'Lunas'),
(18, 1, 1, '2018-11-17', 228, 1700, 387600, 387500, 'Lunas'),
(19, 1, 4, '2018-11-20', 120, 1800, 216000, 216000, 'Lunas'),
(20, 1, 5, '2018-11-22', 20, 1800, 36000, 36000, 'Lunas'),
(21, 1, 1, '2018-11-22', 300, 1700, 510000, 510000, 'Lunas'),
(22, 1, 1, '2018-11-22', 30, 1500, 45000, 45000, 'Lunas'),
(23, 1, 4, '2018-11-23', 85, 1800, 153000, 153000, 'Lunas'),
(24, 1, 4, '2018-11-26', 44, 1800, 79200, 79000, 'Lunas'),
(25, 1, 4, '2018-11-26', 10, 1500, 15000, 15000, 'Lunas'),
(26, 1, 6, '2018-11-26', 200, 1800, 360000, 360000, 'Lunas'),
(27, 1, 4, '2018-11-29', 100, 1800, 180000, 180000, 'Lunas'),
(28, 1, 1, '2018-11-30', 256, 1700, 435200, 435500, 'Lunas'),
(29, 1, 1, '2018-11-30', 13, 1500, 19500, 19500, 'Lunas'),
(30, 1, 6, '2018-12-04', 200, 1800, 360000, 360000, 'Lunas'),
(31, 1, 1, '2018-12-06', 125, 1700, 212500, 212500, 'Lunas'),
(32, 1, 1, '2018-12-06', 49, 1600, 78400, 78500, 'Lunas'),
(33, 1, 1, '2018-12-06', 25, 1500, 37500, 37500, 'Lunas'),
(34, 1, 4, '2018-12-07', 60, 1800, 108000, 108000, 'Lunas'),
(35, 1, 4, '2018-12-08', 60, 1800, 108000, 110000, 'Lunas'),
(36, 1, 6, '2018-12-09', 200, 1800, 360000, 360000, 'Lunas'),
(37, 1, 4, '2018-12-10', 60, 1800, 108000, 110000, 'Lunas'),
(38, 1, 4, '2018-12-12', 100, 1800, 180000, 180000, 'Lunas'),
(39, 1, 4, '2018-12-14', 100, 1800, 180000, 180000, 'Lunas'),
(40, 1, 1, '2018-12-14', 215, 1700, 365500, 365500, 'Lunas'),
(41, 1, 1, '2018-12-14', 11, 1500, 16500, 16500, 'Lunas'),
(42, 1, 4, '2018-12-17', 60, 1800, 108000, 108000, 'Lunas'),
(43, 1, 10, '2018-12-17', 50, 2000, 100000, 100000, 'Lunas'),
(44, 1, 6, '2018-12-18', 200, 1800, 360000, 360000, 'Lunas'),
(45, 1, 4, '2018-12-19', 100, 1800, 180000, 180000, 'Lunas'),
(46, 1, 4, '2018-12-21', 60, 1800, 108000, 108000, 'Lunas'),
(47, 1, 1, '2018-12-22', 250, 1700, 425000, 425000, 'Lunas'),
(48, 1, 1, '2018-12-22', 20, 1500, 30000, 30000, 'Lunas'),
(49, 1, 6, '2018-12-24', 150, 1800, 270000, 270000, 'Lunas'),
(50, 1, 4, '2018-12-25', 50, 1600, 80000, 80000, 'Lunas'),
(51, 1, 2, '2018-12-26', 172, 1800, 309600, 309500, 'Lunas'),
(52, 1, 4, '2018-12-27', 31, 1800, 55800, 55800, 'Lunas'),
(53, 1, 4, '2018-12-27', 29, 1600, 46400, 46200, 'Lunas'),
(54, 1, 4, '2018-12-29', 30, 1800, 54000, 54000, 'Lunas'),
(55, 1, 4, '2018-12-29', 50, 1600, 80000, 80000, 'Lunas'),
(56, 1, 1, '2018-12-30', 210, 1700, 357000, 298000, 'Lunas'),
(57, 1, 6, '2019-01-01', 166, 1800, 298800, 298000, 'Lunas'),
(58, 1, 4, '2019-01-02', 35, 1800, 63000, 63000, 'Lunas'),
(59, 1, 4, '2019-01-02', 15, 1600, 24000, 24000, 'Lunas'),
(60, 1, 4, '2019-01-04', 10, 1800, 18000, 18000, 'Lunas'),
(61, 1, 4, '2019-01-04', 20, 1600, 32000, 32000, 'Lunas'),
(62, 1, 6, '2019-01-05', 200, 1800, 360000, 360000, 'Lunas'),
(63, 1, 4, '2019-01-05', 25, 1800, 45000, 45000, 'Lunas'),
(64, 1, 4, '2019-01-05', 15, 1600, 24000, 24000, 'Lunas'),
(65, 1, 1, '2019-01-08', 333, 1700, 566100, 566000, 'Lunas'),
(66, 1, 1, '2019-01-08', 15, 1500, 22500, 22500, 'Lunas'),
(67, 1, 6, '2019-01-10', 165, 1800, 297000, 297000, 'Lunas'),
(68, 1, 4, '2019-01-10', 35, 1600, 56000, 56000, 'Lunas'),
(69, 1, 6, '2019-01-14', 200, 1800, 360000, 360000, 'Lunas'),
(70, 1, 4, '2019-01-10', 50, 2000, 100000, 100000, 'Lunas'),
(71, 1, 1, '2019-01-16', 217, 1700, 368900, 369000, 'Lunas'),
(72, 1, 1, '2019-01-16', 10, 1500, 15000, 15000, 'Lunas'),
(73, 1, 4, '2019-01-16', 23, 1700, 39100, 39000, 'Lunas'),
(74, 1, 4, '2019-01-18', 30, 1800, 54000, 54000, 'Lunas'),
(75, 1, 4, '2019-01-19', 50, 1800, 90000, 90000, 'Lunas'),
(76, 1, 6, '2019-01-19', 203, 1800, 365400, 365000, 'Lunas'),
(77, 1, 2, '2019-01-21', 168, 1800, 302400, 302500, 'Lunas'),
(78, 1, 4, '2019-01-23', 30, 1600, 48000, 48000, 'Lunas'),
(79, 1, 6, '2019-01-26', 200, 1850, 370000, 370000, 'Lunas'),
(80, 1, 1, '2019-01-27', 253, 1700, 430100, 430000, 'Lunas'),
(81, 1, 1, '2019-01-27', 17, 1500, 25500, 25000, 'Lunas'),
(82, 1, 4, '2019-01-30', 70, 1800, 126000, 126000, 'Lunas'),
(83, 1, 6, '2019-01-31', 200, 1850, 370000, 370000, 'Lunas'),
(84, 1, 5, '2019-01-31', 30, 1700, 51000, 50000, 'Lunas'),
(85, 1, 2, '2019-02-03', 300, 1800, 540000, 540000, 'Lunas'),
(86, 1, 6, '2019-02-07', 210, 1850, 388500, 388000, 'Lunas'),
(87, 1, 1, '2019-02-08', 180, 1700, 306000, 306000, 'Lunas'),
(88, 1, 1, '2019-02-08', 30, 1500, 45000, 45000, 'Lunas'),
(89, 1, 6, '2019-02-11', 210, 1850, 388500, 388000, 'Lunas'),
(90, 1, 5, '2019-02-13', 30, 1700, 51000, 50000, 'Lunas'),
(91, 1, 4, '2019-02-13', 50, 1700, 85000, 85000, 'Lunas'),
(92, 1, 3, '2019-02-13', 168, 1900, 319200, 319000, 'Lunas'),
(93, 1, 2, '2019-02-16', 294, 1800, 529200, 529000, 'Lunas'),
(94, 1, 5, '2019-02-16', 5, 2000, 10000, 10000, 'Lunas'),
(95, 1, 1, '2019-02-20', 85, 1700, 144500, 144500, 'Lunas'),
(96, 1, 1, '2019-02-20', 35, 1500, 52500, 52500, 'Lunas'),
(97, 1, 12, '2019-02-22', 500, 1900, 950000, 950000, 'Lunas'),
(98, 1, 2, '2019-02-24', 240, 1900, 456000, 456000, 'Lunas'),
(99, 1, 6, '2019-02-26', 110, 1850, 203500, 203500, 'Lunas'),
(100, 1, 1, '2019-03-01', 35, 1700, 59500, 59500, 'Lunas'),
(101, 1, 1, '2019-03-01', 37, 1500, 55500, 55500, 'Lunas'),
(102, 1, 1, '2019-03-01', 280, 1800, 504000, 504000, 'Lunas'),
(103, 1, 7, '2019-03-03', 264, 1900, 501600, 501500, 'Lunas'),
(104, 1, 2, '2019-03-07', 300, 1900, 570000, 570000, 'Lunas'),
(105, 1, 1, '2019-03-08', 71, 1700, 120700, 120500, 'Lunas'),
(106, 1, 1, '2019-03-08', 18, 1500, 27000, 27000, 'Lunas'),
(107, 1, 1, '2019-03-08', 240, 1800, 432000, 432000, 'Lunas'),
(108, 1, 2, '2019-03-10', 140, 1900, 266000, 266000, 'Lunas'),
(109, 1, 6, '2019-03-12', 300, 1850, 555000, 555000, 'Lunas'),
(110, 1, 1, '2019-09-14', 45, 1700, 76500, 76500, 'Lunas'),
(111, 1, 1, '2019-03-14', 30, 1500, 45000, 45000, 'Lunas'),
(112, 1, 1, '2019-03-14', 285, 1800, 513000, 513000, 'Lunas'),
(113, 1, 2, '2019-03-17', 474, 1900, 900600, 900000, 'Lunas'),
(114, 1, 2, '2019-03-20', 450, 1900, 855000, 855000, 'Lunas'),
(115, 1, 1, '2019-03-22', 20, 1500, 30000, 30000, 'Lunas'),
(116, 1, 1, '2019-03-22', 276, 1800, 496800, 496000, 'Lunas'),
(117, 1, 6, '2019-03-24', 200, 1850, 370000, 370000, 'Lunas'),
(118, 1, 2, '2019-03-27', 538, 1900, 1022200, 1022000, 'Lunas'),
(119, 1, 1, '2019-03-29', 27, 1500, 40500, 40500, 'Lunas'),
(120, 1, 1, '2019-03-29', 327, 1800, 588600, 588500, 'Lunas'),
(121, 1, 3, '2019-03-31', 320, 1925, 616000, 616000, 'Lunas'),
(122, 1, 2, '2019-04-03', 390, 1900, 741000, 740000, 'Lunas'),
(123, 1, 1, '2019-04-06', 45, 1500, 67500, 67500, 'Lunas'),
(124, 1, 1, '2019-04-06', 395, 1800, 711000, 711000, 'Lunas'),
(125, 1, 6, '2019-04-06', 160, 1850, 296000, 296000, 'Lunas'),
(126, 1, 2, '2019-04-10', 450, 1900, 855000, 855000, 'Lunas'),
(127, 1, 1, '2019-04-12', 295, 1800, 531000, 531000, 'Lunas'),
(128, 1, 1, '2019-04-12', 40, 1500, 60000, 60000, 'Lunas'),
(129, 1, 7, '2019-04-15', 295, 1900, 560500, 560000, 'Lunas'),
(130, 1, 2, '2019-04-17', 400, 1900, 760000, 760000, 'Lunas'),
(131, 1, 1, '2019-04-20', 455, 1800, 819000, 819000, 'Lunas'),
(132, 1, 1, '2019-04-20', 55, 1500, 82500, 82500, 'Lunas'),
(133, 1, 6, '2019-04-21', 150, 1800, 270000, 270000, 'Lunas'),
(134, 1, 2, '2019-04-23', 300, 1800, 540000, 540000, 'Lunas'),
(135, 1, 1, '2019-04-27', 420, 1800, 756000, 756000, 'Lunas'),
(136, 1, 1, '2019-04-27', 29, 1500, 43500, 43500, 'Lunas'),
(137, 1, 2, '2019-04-29', 390, 1800, 702000, 702000, 'Lunas'),
(138, 1, 2, '2019-05-03', 282, 1800, 507600, 507500, 'Lunas'),
(139, 1, 1, '2019-05-04', 38, 1600, 60800, 60500, 'Lunas'),
(140, 1, 1, '2019-05-04', 32, 1500, 48000, 48000, 'Lunas'),
(141, 1, 1, '2019-05-04', 410, 1800, 738000, 738000, 'Lunas'),
(142, 1, 6, '2019-05-05', 120, 1800, 216000, 216000, 'Lunas'),
(143, 1, 2, '2019-05-08', 418, 1800, 752400, 752500, 'Lunas'),
(144, 1, 1, '2019-05-11', 325, 1800, 585000, 585000, 'Lunas'),
(145, 1, 1, '2019-05-11', 35, 1500, 52500, 52500, 'Lunas'),
(146, 1, 3, '2019-05-14', 510, 1800, 918000, 918000, 'Lunas'),
(147, 1, 1, '2019-05-18', 23, 1600, 36800, 36500, 'Lunas'),
(148, 1, 1, '2019-05-18', 32, 1500, 48000, 48000, 'Lunas'),
(149, 1, 1, '2019-05-18', 360, 1800, 648000, 648000, 'Lunas'),
(150, 1, 7, '2019-05-20', 211, 1900, 400900, 400000, 'Lunas'),
(151, 1, 3, '2019-05-22', 300, 1900, 570000, 570000, 'Lunas'),
(152, 1, 1, '2019-05-25', 341, 1800, 613800, 613500, 'Lunas'),
(153, 1, 1, '2019-05-25', 19, 1500, 28500, 28500, 'Lunas'),
(154, 1, 2, '2019-05-29', 489, 1800, 880200, 880000, 'Lunas'),
(155, 1, 2, '2019-05-29', 21, 1500, 31500, 31500, 'Lunas'),
(156, 1, 1, '2019-06-01', 377, 1800, 678600, 678500, 'Lunas'),
(157, 1, 1, '2019-06-01', 35, 1500, 52500, 52500, 'Lunas'),
(158, 1, 2, '2019-06-04', 375, 1800, 675000, 675000, 'Lunas'),
(159, 1, 1, '2019-06-08', 435, 1800, 783000, 783000, 'Lunas'),
(160, 1, 1, '2019-06-08', 45, 1500, 67500, 67500, 'Lunas'),
(161, 1, 5, '2019-06-10', 60, 2000, 120000, 120000, 'Lunas'),
(162, 1, 2, '2019-06-12', 448, 1800, 806400, 806000, 'Lunas'),
(163, 1, 1, '2019-06-16', 361, 1800, 649800, 649500, 'Lunas'),
(164, 1, 1, '2019-06-16', 57, 1500, 85500, 85500, 'Lunas'),
(165, 1, 2, '2019-06-19', 300, 1800, 540000, 540000, 'Lunas'),
(166, 1, 1, '2019-06-22', 475, 1800, 855000, 855000, 'Lunas'),
(167, 1, 1, '2019-06-22', 65, 1500, 97500, 97500, 'Lunas'),
(168, 1, 8, '2019-06-27', 500, 1900, 950000, 950000, 'Lunas'),
(169, 1, 5, '2019-06-28', 25, 2000, 50000, 50000, 'Lunas'),
(170, 1, 1, '2019-06-29', 373, 1800, 671400, 671500, 'Lunas'),
(171, 1, 1, '2019-06-29', 47, 1500, 70500, 70500, 'Lunas'),
(172, 1, 2, '2019-07-02', 367, 1800, 660600, 660500, 'Lunas'),
(173, 1, 2, '2019-07-02', 27, 1500, 40500, 40500, 'Lunas'),
(174, 1, 8, '2019-07-03', 104, 1900, 197600, 197500, 'Lunas'),
(175, 1, 1, '2019-07-06', 340, 1800, 612000, 612000, 'Lunas'),
(176, 1, 1, '2019-07-06', 50, 1500, 75000, 75000, 'Lunas'),
(177, 1, 8, '2019-07-07', 120, 1900, 228000, 228000, 'Lunas'),
(178, 1, 2, '2019-07-10', 300, 1800, 540000, 540000, 'Lunas'),
(179, 1, 8, '2019-07-10', 106, 1900, 201400, 202000, 'Lunas'),
(180, 1, 1, '2019-07-13', 379, 1800, 682200, 682500, 'Lunas'),
(181, 1, 1, '2019-07-13', 41, 1500, 61500, 61500, 'Lunas'),
(182, 1, 3, '2019-07-16', 390, 1900, 741000, 741000, 'Lunas'),
(183, 1, 2, '2019-07-17', 150, 1800, 270000, 270000, 'Lunas'),
(184, 1, 1, '2019-07-20', 368, 1800, 662400, 662500, 'Lunas'),
(185, 1, 1, '2019-07-20', 32, 1500, 48000, 48000, 'Lunas'),
(186, 1, 2, '2019-07-23', 400, 1800, 720000, 720000, 'Lunas'),
(187, 1, 1, '2019-07-27', 378, 1800, 680400, 680500, 'Lunas'),
(188, 1, 1, '2019-07-27', 42, 1500, 63000, 63000, 'Lunas'),
(189, 1, 2, '2019-07-31', 500, 1800, 900000, 900000, 'Lunas'),
(190, 1, 1, '2019-08-02', 496, 1800, 892800, 892500, 'Lunas'),
(191, 1, 1, '2019-08-02', 62, 1500, 93000, 93000, 'Lunas'),
(192, 1, 2, '2019-08-07', 300, 1800, 540000, 540000, ''),
(193, 1, 1, '2019-08-07', 397, 1800, 714600, 714500, 'Lunas'),
(194, 1, 1, '2019-08-07', 69, 1500, 103500, 103500, 'Lunas'),
(195, 1, 5, '2019-08-12', 382, 1900, 725800, 725500, 'Lunas'),
(196, 1, 5, '2019-08-12', 30, 1600, 48000, 48000, 'Lunas'),
(197, 1, 2, '2019-08-14', 300, 1800, 540000, 540000, 'Lunas'),
(198, 1, 1, '2019-08-16', 500, 1800, 900000, 900000, 'Lunas'),
(199, 1, 1, '2019-08-16', 40, 1500, 60000, 60000, 'Lunas'),
(200, 1, 2, '2019-08-21', 300, 1800, 540000, 540000, 'Lunas'),
(201, 1, 1, '2019-08-22', 655, 1800, 1179000, 1179000, 'Lunas'),
(202, 1, 1, '2019-08-22', 63, 1500, 94500, 94500, 'Lunas'),
(203, 1, 4, '2019-08-22', 40, 1600, 64000, 65000, 'Lunas'),
(204, 1, 4, '2019-08-24', 40, 1600, 64000, 65000, 'Lunas'),
(205, 1, 1, '2019-08-30', 765, 1700, 1300500, 1300500, 'Lunas'),
(206, 1, 1, '2019-08-30', 39, 1500, 58500, 58500, 'Lunas'),
(207, 1, 4, '2019-08-30', 40, 1600, 64000, 65000, 'Lunas'),
(208, 1, 4, '2019-09-03', 40, 1600, 64000, 64000, 'Lunas'),
(209, 1, 2, '2019-09-04', 300, 1600, 480000, 480000, 'Lunas'),
(210, 1, 1, '2019-09-06', 628, 1700, 1067600, 1067500, 'Lunas'),
(211, 1, 1, '2019-09-06', 21, 1500, 31500, 31500, 'Lunas'),
(212, 1, 4, '2019-09-07', 40, 1600, 64000, 65000, 'Lunas'),
(213, 1, 2, '2019-09-11', 500, 1700, 850000, 850000, 'Lunas'),
(214, 1, 4, '2019-09-12', 60, 1600, 96000, 116000, 'Lunas'),
(215, 1, 1, '2019-09-14', 500, 1700, 850000, 850000, 'Lunas'),
(216, 1, 1, '2019-09-14', 18, 1500, 27000, 27000, 'Lunas'),
(217, 1, 1, '2019-09-20', 450, 1700, 765000, 765000, 'Lunas'),
(218, 1, 1, '2019-09-20', 12, 1500, 18000, 18000, 'Lunas'),
(219, 1, 1, '2019-09-20', 47, 1600, 75200, 75000, 'Lunas'),
(220, 1, 2, '2019-09-24', 300, 1700, 510000, 510000, 'Lunas'),
(221, 1, 4, '2019-09-25', 60, 1600, 96000, 96000, 'Lunas'),
(222, 1, 4, '2019-09-26', 60, 1600, 96000, 96000, 'Lunas'),
(223, 1, 1, '2019-09-28', 705, 1700, 1198500, 1198500, 'Lunas'),
(224, 1, 1, '2019-09-28', 47, 1500, 70500, 70500, 'Lunas'),
(225, 1, 1, '2019-09-28', 47, 1600, 75200, 75000, 'Lunas'),
(226, 1, 11, '2019-09-29', 360, 1700, 612000, 612000, 'Lunas'),
(227, 1, 4, '2019-09-30', 60, 1600, 96000, 90000, 'Lunas'),
(228, 1, 2, '2019-10-03', 500, 1700, 850000, 850000, 'Lunas'),
(229, 1, 4, '2019-10-05', 60, 1600, 96000, 96000, 'Lunas'),
(230, 1, 12, '2019-10-06', 330, 1700, 561000, 560000, 'Lunas'),
(231, 1, 4, '2019-10-09', 60, 1600, 96000, 96000, 'Lunas'),
(232, 1, 2, '2019-10-10', 499, 1700, 848300, 850000, 'Lunas'),
(233, 1, 1, '2019-10-13', 470, 1700, 799000, 799000, 'Lunas'),
(234, 1, 1, '2019-10-13', 109, 1500, 163500, 163500, 'Lunas'),
(235, 1, 1, '2019-10-13', 25, 1600, 40000, 40000, 'Lunas'),
(236, 1, 4, '2019-10-14', 30, 1600, 48000, 50000, 'Lunas'),
(237, 1, 11, '2019-10-15', 265, 1700, 450500, 450000, 'Lunas'),
(238, 1, 2, '2019-10-17', 300, 1700, 510000, 36000, 'Ngedolke Endog '),
(239, 1, 11, '2019-10-17', 230, 1700, 391000, 391000, 'Lunas'),
(240, 1, 1, '2019-10-19', 259, 1700, 440300, 440500, 'Lunas'),
(241, 1, 1, '2019-10-19', 113, 1500, 169500, 169500, 'Lunas'),
(242, 1, 2, '2019-10-24', 500, 1700, 850000, 850000, 'Lunas'),
(243, 1, 1, '2019-10-26', 415, 1700, 705500, 705000, ''),
(244, 1, 1, '2019-10-26', 124, 1500, 186000, 186000, ''),
(245, 1, 11, '2019-10-28', 240, 1700, 408000, 408000, ''),
(246, 1, 4, '2019-10-31', 60, 1500, 90000, 90000, ''),
(247, 1, 2, '2019-10-31', 300, 1700, 510000, 510000, ''),
(248, 1, 4, '2019-11-04', 30, 1500, 45000, 40000, ''),
(249, 1, 11, '2019-11-04', 240, 1700, 408000, 408000, ''),
(250, 1, 1, '2019-11-02', 331, 1700, 562700, 562000, ''),
(251, 1, 1, '2019-11-02', 92, 1500, 138000, 138000, ''),
(252, 1, 4, '2019-11-07', 30, 1500, 45000, 45000, 'Lunas'),
(253, 1, 1, '2019-11-09', 410, 1700, 697000, 697000, ''),
(254, 1, 1, '2019-11-09', 56, 1500, 84000, 83000, ''),
(255, 1, 11, '2019-11-11', 240, 1700, 408000, 408000, ''),
(256, 1, 2, '2019-11-11', 300, 1700, 510000, 510000, ''),
(257, 1, 4, '2019-11-13', 60, 1500, 90000, 85000, 'Lunas'),
(258, 1, 1, '2019-11-16', 335, 1700, 569500, 569500, 'Lunas'),
(259, 1, 1, '2019-11-16', 71, 1500, 106500, 106500, 'Lunas'),
(260, 1, 2, '2019-11-18', 300, 1700, 510000, 510000, 'Lunas'),
(261, 1, 11, '2019-11-18', 240, 1700, 408000, 408000, 'Lunas'),
(262, 1, 2, '2019-11-21', 300, 1700, 510000, 510000, ''),
(263, 1, 1, '2019-11-23', 385, 1700, 654500, 654000, ''),
(264, 1, 1, '2019-11-23', 85, 1500, 127500, 128000, ''),
(265, 1, 11, '2019-11-25', 210, 1700, 357000, 357000, ''),
(266, 1, 4, '2019-11-28', 60, 1500, 90000, 90000, ''),
(267, 1, 1, '2019-11-29', 427, 1700, 725900, 726000, ''),
(268, 1, 1, '2019-11-29', 23, 1500, 34500, 34000, ''),
(269, 1, 2, '2019-11-26', 50, 1700, 85000, 85000, '450 btr jualne mas Eko wiro'),
(270, 1, 4, '2019-12-05', 40, 1500, 60000, 60000, ''),
(271, 1, 1, '2019-12-07', 228, 1700, 387600, 405000, ''),
(272, 1, 1, '2019-12-07', 62, 1500, 93000, 93000, ''),
(273, 1, 2, '2019-12-08', 210, 1700, 357000, 357000, 'Lunas'),
(274, 1, 11, '2019-12-10', 120, 1700, 204000, 204000, ''),
(275, 1, 1, '2019-12-15', 68, 1500, 102000, 102000, 'Lunas'),
(276, 1, 1, '2019-12-15', 196, 1700, 333200, 333000, 'Lunas'),
(277, 1, 2, '2019-12-15', 210, 1700, 357000, 357000, 'Lunas'),
(278, 1, 1, '2019-12-22', 204, 1700, 346800, 347000, 'Lunas'),
(279, 1, 1, '2019-12-22', 36, 1500, 54000, 54000, 'Lunas'),
(280, 1, 11, '2019-12-23', 120, 1700, 204000, 204000, 'Lunas'),
(281, 1, 2, '2019-12-24', 210, 1700, 357000, 257000, ''),
(282, 1, 1, '2019-12-21', 204, 1700, 346800, 347000, ''),
(283, 1, 1, '2019-12-21', 84, 1500, 126000, 126000, ''),
(284, 1, 11, '2019-12-30', 115, 1700, 195500, 195000, ''),
(285, 1, 2, '2020-01-01', 100, 1700, 170000, 170000, ''),
(286, 1, 1, '2020-01-04', 85, 1500, 127500, 127500, 'Lunas'),
(287, 1, 11, '2020-01-06', 150, 1700, 255000, 255000, 'Lunas'),
(288, 1, 2, '2020-01-08', 180, 1700, 306000, 306000, 'Lunas'),
(289, 1, 1, '2020-01-11', 276, 1700, 469200, 469000, 'Lunas'),
(290, 1, 1, '2020-01-11', 100, 1500, 150000, 150000, 'Lunas'),
(291, 1, 11, '2020-01-13', 115, 1700, 195500, 195500, 'Lunas'),
(292, 1, 2, '2020-01-15', 65, 1700, 110500, 110500, 'Lunas'),
(293, 1, 1, '2020-01-19', 179, 1700, 304300, 304000, ''),
(294, 1, 1, '2020-01-19', 42, 1500, 63000, 63000, ''),
(295, 1, 11, '2020-01-20', 112, 1700, 190400, 190000, ''),
(296, 1, 1, '2020-01-26', 132, 1800, 237600, 237600, ''),
(297, 1, 1, '2020-01-26', 36, 1500, 54000, 54000, ''),
(298, 1, 2, '2020-01-26', 120, 1700, 204000, 205000, ''),
(299, 1, 11, '2020-01-27', 235, 1800, 423000, 423000, ''),
(300, 1, 1, '2020-01-31', 230, 1800, 414000, 414000, ''),
(301, 1, 1, '2020-01-31', 48, 1500, 72000, 72000, ''),
(302, 1, 11, '2020-02-04', 235, 1800, 423000, 423000, ''),
(303, 1, 11, '2020-02-04', 5, 1500, 7500, 7000, ''),
(304, 1, 1, '2020-02-08', 35, 1500, 52500, 52000, ''),
(305, 1, 11, '2020-02-10', 320, 1800, 576000, 576000, ''),
(306, 1, 11, '2020-02-10', 4, 1500, 6000, 6000, ''),
(307, 1, 11, '2020-02-17', 354, 1800, 637200, 637000, ''),
(308, 1, 1, '2020-02-15', 260, 1800, 468000, 468000, ''),
(309, 1, 1, '2020-02-15', 70, 1500, 105000, 105000, ''),
(310, 1, 1, '2020-02-23', 600, 1800, 1080000, 1080000, ''),
(311, 1, 1, '2020-02-23', 58, 1500, 87000, 82000, ''),
(312, 1, 13, '2020-02-26', 25, 1800, 45000, 45000, 'Lunas'),
(313, 1, 1, '2020-03-01', 679, 1800, 1222200, 1212000, 'kembalikan kelebihan minggu lalu 10 rb'),
(314, 1, 1, '2020-03-01', 116, 1500, 174000, 174000, ''),
(315, 1, 3, '2020-03-04', 450, 1900, 855000, 855000, 'potong pakan'),
(316, 1, 13, '2020-03-06', 100, 1800, 180000, 180000, ''),
(317, 1, 1, '2020-03-08', 486, 1800, 874800, 875000, 'Lunas'),
(318, 1, 1, '2020-03-08', 58, 1500, 87000, 87000, 'Lunas'),
(319, 1, 3, '2020-03-10', 240, 1900, 456000, 456000, 'potong pakan'),
(320, 1, 1, '2020-03-14', 450, 1800, 810000, 810000, ''),
(321, 1, 1, '2020-03-14', 55, 1500, 82500, 82500, ''),
(322, 1, 13, '2020-03-14', 100, 1800, 180000, 180000, ''),
(323, 1, 3, '2020-03-17', 450, 2000, 900000, 900000, 'potong pakan'),
(324, 1, 13, '2020-03-20', 100, 1800, 180000, 180000, ''),
(325, 1, 1, '2020-03-21', 359, 1800, 646200, 646000, ''),
(326, 1, 1, '2020-03-28', 61, 1500, 91500, 92000, ''),
(327, 1, 3, '2020-03-24', 500, 1900, 950000, 950000, 'bayar pakan'),
(328, 1, 13, '2020-03-25', 100, 1800, 180000, 180000, ''),
(329, 1, 1, '2020-03-28', 359, 1800, 646200, 646000, ''),
(330, 1, 1, '2020-03-28', 61, 1500, 91500, 92000, ''),
(331, 1, 7, '2020-03-31', 300, 1800, 540000, 540000, ''),
(332, 1, 13, '2020-03-31', 150, 1800, 270000, 270000, ''),
(333, 1, 1, '2020-04-04', 475, 1800, 855000, 855000, 'Lunas'),
(334, 1, 1, '2020-04-04', 65, 1500, 97500, 98000, 'Lunas'),
(335, 1, 13, '2020-04-08', 200, 1800, 360000, 360000, 'Lunas'),
(336, 1, 5, '2020-04-08', 54, 1800, 97200, 97000, 'Lunas'),
(337, 1, 5, '2020-04-08', 6, 1600, 9600, 9800, 'Lunas'),
(338, 1, 1, '2020-04-11', 430, 1800, 774000, 774000, ''),
(339, 1, 1, '2020-04-11', 60, 1500, 90000, 90000, ''),
(340, 1, 7, '2020-04-08', 190, 1800, 342000, 342000, ''),
(341, 1, 7, '2020-04-14', 300, 1800, 540000, 540000, ''),
(342, 1, 1, '2020-04-18', 363, 1800, 653400, 653000, ''),
(343, 1, 1, '2020-04-18', 13, 1500, 19500, 20000, ''),
(344, 1, 13, '2020-04-20', 150, 1800, 270000, 270000, 'Lunas'),
(345, 1, 7, '2020-04-22', 210, 1800, 378000, 378000, ''),
(346, 1, 1, '2020-04-26', 351, 1800, 631800, 632000, ''),
(347, 1, 1, '2020-04-26', 9, 1500, 13500, 13000, ''),
(348, 1, 7, '2020-04-28', 225, 1800, 405000, 405000, ''),
(349, 1, 13, '2020-05-01', 100, 1800, 180000, 180000, 'Lunas'),
(350, 1, 1, '2020-05-03', 345, 1800, 621000, 621000, ''),
(351, 1, 1, '2020-05-03', 25, 1500, 37500, 37000, ''),
(352, 1, 13, '2020-05-06', 100, 1800, 180000, 180000, ''),
(353, 1, 1, '2020-05-10', 351, 1800, 631800, 631500, 'Lunas'),
(354, 1, 1, '2020-05-10', 29, 1500, 43500, 43500, 'Lunas'),
(355, 1, 7, '2020-05-12', 216, 1800, 388800, 389000, ''),
(356, 1, 1, '2020-05-17', 431, 1800, 775800, 776000, ''),
(357, 1, 1, '2020-05-17', 27, 1500, 40500, 40000, ''),
(358, 1, 7, '2020-05-19', 255, 1800, 459000, 459000, ''),
(359, 1, 7, '2020-05-26', 240, 1800, 432000, 432000, ''),
(360, 1, 1, '2020-05-26', 392, 1800, 705600, 705000, ''),
(361, 1, 1, '2020-05-26', 37, 1500, 55500, 56000, ''),
(362, 1, 1, '2020-05-31', 368, 1800, 662400, 662500, 'Lunas'),
(363, 1, 1, '2020-05-31', 33, 1500, 49500, 49500, 'Lunas'),
(364, 1, 5, '2020-06-01', 10, 2000, 20000, 20000, 'Lunas'),
(365, 1, 7, '2020-06-04', 240, 1800, 432000, 432000, ''),
(366, 1, 13, '2020-06-04', 150, 1800, 270000, 270000, ''),
(367, 1, 1, '2020-06-07', 395, 1800, 711000, 711000, 'Lunas'),
(368, 1, 1, '2020-06-07', 45, 1500, 67500, 67000, 'Lunas'),
(369, 1, 7, '2020-06-10', 210, 1800, 378000, 378000, ''),
(370, 1, 13, '2020-06-11', 110, 1800, 198000, 200000, ''),
(371, 1, 1, '2020-06-14', 427, 1800, 768600, 769000, ''),
(372, 1, 1, '2020-06-14', 23, 1500, 34500, 34000, ''),
(373, 1, 13, '2020-06-20', 165, 1800, 297000, 297000, 'Lunas'),
(374, 1, 7, '2020-06-21', 300, 1800, 540000, 540000, ''),
(375, 1, 1, '2020-06-21', 575, 1800, 1035000, 1035000, ''),
(376, 1, 1, '2020-06-21', 42, 1500, 63000, 63000, ''),
(377, 1, 7, '2020-06-23', 270, 1800, 486000, 486000, ''),
(378, 1, 5, '2020-06-23', 11, 1800, 19800, 20000, 'RIO'),
(379, 1, 1, '2020-06-28', 570, 1800, 1026000, 1026000, 'Lunas'),
(380, 1, 1, '2020-06-28', 68, 1700, 115600, 115000, 'Lunas'),
(381, 1, 1, '2020-06-28', 40, 1500, 60000, 60000, 'Lunas'),
(382, 1, 7, '2020-06-30', 240, 1800, 432000, 432000, ''),
(383, 1, 5, '2020-06-30', 15, 1800, 27000, 27000, ''),
(384, 1, 7, '2020-07-01', 200, 1800, 360000, 360000, ''),
(385, 1, 13, '2020-07-04', 150, 1800, 270000, 270000, 'Lunas'),
(386, 1, 1, '2020-07-05', 485, 1800, 873000, 873000, ''),
(387, 1, 1, '2020-07-05', 48, 1500, 72000, 72000, ''),
(388, 1, 7, '2020-07-07', 300, 1800, 540000, 540000, '');

-- --------------------------------------------------------

--
-- Struktur dari tabel `produksi`
--

CREATE TABLE IF NOT EXISTS `produksi` (
  `id_produksi` int(11) NOT NULL AUTO_INCREMENT,
  `kandang` varchar(50) NOT NULL,
  `tgl_masuk_kandang` date NOT NULL,
  `total_produksi` int(11) DEFAULT NULL,
  `rata_produksi` int(11) DEFAULT NULL,
  `keterangan` varchar(300) DEFAULT NULL,
  PRIMARY KEY (`id_produksi`)
) ENGINE=InnoDB  DEFAULT CHARSET=latin1 AUTO_INCREMENT=5 ;

--
-- Dumping data untuk tabel `produksi`
--

INSERT INTO `produksi` (`id_produksi`, `kandang`, `tgl_masuk_kandang`, `total_produksi`, `rata_produksi`, `keterangan`) VALUES
(2, 'Kandang Kidul Periode 1 (Apkir)', '2019-01-10', 1855, 42, '100 Ekor, mati 5, dicolong 19 ekor'),
(3, 'Kandang Lor (Periode 2)', '2020-01-16', 14162, 89, '120 Ekor, mati 2 ekor'),
(4, 'Kandang Kidul (Periode 2)', '2020-05-08', 669, 32, '100 Ekor');

-- --------------------------------------------------------

--
-- Struktur dari tabel `profit`
--

CREATE TABLE IF NOT EXISTS `profit` (
  `id_profit` int(11) NOT NULL AUTO_INCREMENT,
  `total_modalOut` int(11) DEFAULT NULL,
  `total_PenjualanTelur` int(11) DEFAULT NULL,
  `Keuntungan` int(11) DEFAULT NULL,
  PRIMARY KEY (`id_profit`)
) ENGINE=InnoDB  DEFAULT CHARSET=latin1 AUTO_INCREMENT=2 ;

--
-- Dumping data untuk tabel `profit`
--

INSERT INTO `profit` (`id_profit`, `total_modalOut`, `total_PenjualanTelur`, `Keuntungan`) VALUES
(1, 150640500, 136496900, -14143600);

-- --------------------------------------------------------

--
-- Struktur dari tabel `user`
--

CREATE TABLE IF NOT EXISTS `user` (
  `id_user` int(11) NOT NULL AUTO_INCREMENT,
  `username` varchar(30) NOT NULL,
  `password` varchar(10) NOT NULL,
  `hak_akses` tinyint(4) NOT NULL,
  PRIMARY KEY (`id_user`)
) ENGINE=InnoDB  DEFAULT CHARSET=latin1 AUTO_INCREMENT=2 ;

--
-- Dumping data untuk tabel `user`
--

INSERT INTO `user` (`id_user`, `username`, `password`, `hak_akses`) VALUES
(1, 'admin', 'admin', 0);

--
-- Ketidakleluasaan untuk tabel pelimpahan (Dumped Tables)
--

--
-- Ketidakleluasaan untuk tabel `det_produksi`
--
ALTER TABLE `det_produksi`
  ADD CONSTRAINT `det_produksi_ibfk_1` FOREIGN KEY (`id_produksi`) REFERENCES `produksi` (`id_produksi`) ON DELETE CASCADE ON UPDATE CASCADE;

--
-- Ketidakleluasaan untuk tabel `gj_karyawan`
--
ALTER TABLE `gj_karyawan`
  ADD CONSTRAINT `gj_karyawan_ibfk_1` FOREIGN KEY (`id_profit`) REFERENCES `profit` (`id_profit`) ON DELETE CASCADE ON UPDATE CASCADE;

--
-- Ketidakleluasaan untuk tabel `m_bibit`
--
ALTER TABLE `m_bibit`
  ADD CONSTRAINT `m_bibit_ibfk_1` FOREIGN KEY (`id_profit`) REFERENCES `profit` (`id_profit`) ON DELETE CASCADE ON UPDATE CASCADE;

--
-- Ketidakleluasaan untuk tabel `m_kandang`
--
ALTER TABLE `m_kandang`
  ADD CONSTRAINT `m_kandang_ibfk_1` FOREIGN KEY (`id_profit`) REFERENCES `profit` (`id_profit`) ON DELETE CASCADE ON UPDATE CASCADE;

--
-- Ketidakleluasaan untuk tabel `m_lain`
--
ALTER TABLE `m_lain`
  ADD CONSTRAINT `m_lain_ibfk_1` FOREIGN KEY (`id_profit`) REFERENCES `profit` (`id_profit`) ON DELETE CASCADE ON UPDATE CASCADE;

--
-- Ketidakleluasaan untuk tabel `m_pakan`
--
ALTER TABLE `m_pakan`
  ADD CONSTRAINT `m_pakan_ibfk_1` FOREIGN KEY (`id_profit`) REFERENCES `profit` (`id_profit`) ON DELETE CASCADE ON UPDATE CASCADE;

--
-- Ketidakleluasaan untuk tabel `pemasukkan_lain`
--
ALTER TABLE `pemasukkan_lain`
  ADD CONSTRAINT `pemasukkan_lain_ibfk_1` FOREIGN KEY (`id_profit`) REFERENCES `profit` (`id_profit`) ON DELETE CASCADE ON UPDATE CASCADE;

--
-- Ketidakleluasaan untuk tabel `penjualan_telur`
--
ALTER TABLE `penjualan_telur`
  ADD CONSTRAINT `penjualan_telur_ibfk_1` FOREIGN KEY (`id_profit`) REFERENCES `profit` (`id_profit`) ON DELETE CASCADE ON UPDATE CASCADE,
  ADD CONSTRAINT `penjualan_telur_ibfk_2` FOREIGN KEY (`id_customer`) REFERENCES `customer` (`id_customer`) ON DELETE CASCADE ON UPDATE CASCADE;

/*!40101 SET CHARACTER_SET_CLIENT=@OLD_CHARACTER_SET_CLIENT */;
/*!40101 SET CHARACTER_SET_RESULTS=@OLD_CHARACTER_SET_RESULTS */;
/*!40101 SET COLLATION_CONNECTION=@OLD_COLLATION_CONNECTION */;
